<?xml version="1.0" encoding="UTF-8"?>
<!DOCTYPE suite SYSTEM "https://testng.org/testng-1.0.dtd">
<suite name="Suite">

	<!-- <listeners> <listener class-name="utils.Listeners"></listener> </listeners> -->

	<test thread-count="1" name="ChromeTest">
		<parameter name="browser" value="Chrome" />
		<classes>
			<!-- <class name="tests.TC01_SignUpFunctionality" /> -->
			<!-- <class name="tests.TC02_LoginFunctionality" /> -->
			<!-- <class name="tests.TC03_OneWayTrip" /> -->
			<!-- <class name="tests.TC04_RoundTrip" /> -->
			<!-- <class name="tests.TC05_SelectFlightAndProceedToBooking" /> -->
			<class name="tests.TC06_Passenger_PaymentInfo" />

		</classes>
	</test> <!-- Test -->
</suite> <!-- Suite -->
