<?xml version="1.0" encoding="UTF-8"?>
<!DOCTYPE suite SYSTEM "https://testng.org/testng-1.0.dtd">
<suite name="Suite" parallel="tests" verbose="1"
	configfailurepolicy="continue" thread-count="1">

	<listeners>
		<listener class-name="supportLibraries.WebDriverListener">
		</listener>
	</listeners>

	<test thread-count="1" name="Test">
		<parameter name="ExecutionMode" value="LOCAL" />
		<parameter name="BrowserName" value="CHROME" />
		<classes>
			<class name="TestNGrunners.RunCucumberTests_Sanity" />
		</classes>
	</test> <!-- Test -->
</suite> <!-- Suite -->